{"stats":{"minecraft:crafted":{"minecraft:iron_sword":1,"minecraft:iron_leggings":1,"minecraft:iron_chestplate":1,"minecraft:iron_boots":1,"minecraft:baked_potato":29,"minecraft:iron_pickaxe":2,"minecraft:iron_helmet":1},"minecraft:custom":{"minecraft:time_since_rest":20587,"minecraft:open_chest":40,"minecraft:crouch_one_cm":714,"minecraft:sprint_one_cm":59059,"minecraft:play_time":48322,"minecraft:damage_taken":489,"minecraft:walk_one_cm":86459,"minecraft:sneak_time":183,"minecraft:walk_under_water_one_cm":56,"minecraft:jump":98,"minecraft:damage_dealt":223,"minecraft:interact_with_blast_furnace":1,"minecraft:leave_game":6,"minecraft:walk_on_water_one_cm":86,"minecraft:time_since_death":48322,"minecraft:sleep_in_bed":1,"minecraft:interact_with_smoker":9,"minecraft:climb_one_cm":9352,"minecraft:total_world_time":48322,"minecraft:interact_with_crafting_table":4,"minecraft:fall_one_cm":2389,"minecraft:fly_one_cm":9333},"minecraft:used":{"minecraft:sweet_berries":8,"minecraft:baked_potato":5,"minecraft:iron_sword":7},"minecraft:picked_up":{"minecraft:sweet_berries":7},"minecraft:mined":{"minecraft:sweet_berry_bush":1}},"DataVersion":3465}