{"stats":{"minecraft:broken":{"minecraft:stone_pickaxe":1,"minecraft:wooden_sword":1,"minecraft:iron_sword":1,"minecraft:stone_shovel":4,"minecraft:wooden_pickaxe":1,"minecraft:iron_pickaxe":1},"minecraft:dropped":{"minecraft:iron_sword":1,"minecraft:oak_log":128,"minecraft:baked_potato":1,"minecraft:diamond":1,"minecraft:cooked_porkchop":64,"paraglider:spirit_orb":1,"minecraft:flint":1,"minecraft:emerald":5,"minecraft:cobblestone_stairs":1,"minecraft:dirt":24,"evilcraft:vengeance_ring":1,"minecraft:gold_nugget":10,"minecraft:wooden_sword":1,"minecraft:bone_meal":193,"minecraft:iron_pickaxe":4,"minecraft:gold_ingot":4,"minecraft:bone":2,"minecraft:gravel":2,"minecraft:compass":1,"minecraft:iron_nugget":23,"minecraft:cobbled_deepslate":512,"minecraft:wheat":4,"minecraft:rotten_flesh":6,"minecraft:oak_planks":256,"minecraft:carrot":20,"minecraft:arrow":2,"minecraft:iron_ingot":15,"minecraft:wheat_seeds":25,"minecraft:tnt":1,"minecraft:poisonous_potato":1,"minecraft:prismarine_crystals":4,"minecraft:cobblestone":1,"minecraft:feather":4,"minecraft:iron_helmet":1,"minecraft:book":4,"evilcraft:vengeance_pickaxe":1,"minecraft:stick":9,"evilcraft:blood_extractor":1,"minecraft:brewing_stand":1,"minecraft:cooked_salmon":8,"minecraft:iron_leggings":1,"minecraft:heart_of_the_sea":1,"minecraft:iron_axe":1,"minecraft:smooth_stone":9,"minecraft:iron_shovel":2,"minecraft:furnace":1,"minecraft:sweet_berries":1,"minecraft:stone_sword":1,"minecraft:cobblestone_wall":1,"minecraft:tuff":68,"minecraft:iron_boots":1,"minecraft:stripped_oak_log":64,"evilcraft:origins_of_darkness":1,"minecraft:blast_furnace":3,"minecraft:filled_map":2,"minecraft:cobblestone_slab":1,"minecraft:potato":11,"minecraft:iron_chestplate":1,"minecraft:andesite":2,"minecraft:bow":1,"minecraft:stone_pickaxe":1,"minecraft:wooden_pickaxe":1},"minecraft:custom":{"minecraft:animals_bred":10,"minecraft:interact_with_crafting_table":52,"minecraft:leave_game":19,"minecraft:time_since_death":669334,"minecraft:sprint_one_cm":1073643,"minecraft:drop":115,"minecraft:talked_to_villager":2,"minecraft:play_time":886219,"minecraft:deaths":1,"minecraft:jump":7502,"minecraft:walk_on_water_one_cm":66461,"minecraft:interact_with_furnace":24,"minecraft:sleep_in_bed":12,"minecraft:damage_dealt":23768,"minecraft:crouch_one_cm":52765,"minecraft:interact_with_smoker":10,"minecraft:interact_with_smithing_table":2,"minecraft:mob_kills":178,"minecraft:inspect_hopper":4,"minecraft:climb_one_cm":59787,"minecraft:walk_one_cm":1712427,"minecraft:sneak_time":17198,"minecraft:walk_under_water_one_cm":134808,"minecraft:interact_with_blast_furnace":12,"minecraft:total_world_time":886219,"minecraft:time_since_rest":13124,"minecraft:damage_taken":3264,"minecraft:swim_one_cm":177754,"minecraft:fly_one_cm":2990101,"minecraft:open_chest":312,"minecraft:fall_one_cm":159935},"minecraft:crafted":{"minecraft:oak_planks":108,"minecraft:cobblestone_stairs":4,"minecraft:glass":52,"minecraft:iron_boots":1,"evilcraft:blood_extractor":5,"minecraft:chest":1,"minecraft:oak_fence":48,"minecraft:golden_sword":1,"evilcraft:undead_planks":128,"minecraft:cooked_porkchop":16,"minecraft:crafting_table":1,"minecraft:baked_potato":19,"minecraft:wooden_pickaxe":1,"minecraft:iron_helmet":1,"minecraft:copper_ingot":58,"minecraft:iron_chestplate":1,"sophisticatedbackpacks:diamond_backpack":1,"minecraft:stick":100,"minecraft:iron_ingot":33,"minecraft:iron_pickaxe":3,"minecraft:stone_sword":1,"minecraft:gold_ingot":9,"minecraft:stone_shovel":4,"evilcraft:blood_chest":1,"minecraft:furnace":3,"minecraft:glass_pane":80,"minecraft:stone_pickaxe":2,"minecraft:cobblestone_wall":72,"minecraft:wheat":270,"sophisticatedbackpacks:iron_backpack":2,"minecraft:cooked_beef":3,"minecraft:diamond_sword":1,"minecraft:iron_sword":1,"sophisticatedbackpacks:gold_backpack":1,"minecraft:bucket":1,"minecraft:stone_axe":1,"minecraft:bread":57,"minecraft:air":0,"minecraft:oak_fence_gate":6,"minecraft:oak_stairs":4,"minecraft:iron_leggings":1},"minecraft:killed":{"minecraft:spider":13,"minecraft:cod":1,"minecraft:skeleton":13,"minecraft:chicken":18,"minecraft:pig":22,"minecraft:creeper":6,"minecraft:sheep":24,"minecraft:pillager":2,"minecraft:zombie":46,"minecraft:cow":30,"minecraft:phantom":1,"minecraft:enderman":1},"minecraft:used":{"easy_villagers:breeder":2,"minecraft:ladder":30,"evilcraft:blood_chest":1,"minecraft:chest":101,"minecraft:stone":20,"minecraft:iron_sword":290,"minecraft:farmland":8,"minecraft:rotten_flesh":7,"minecraft:iron_chestplate":1,"paraglider:goddess_statue":2,"minecraft:carrot":40,"minecraft:deepslate_tile_slab":2,"minecraft:glass":92,"minecraft:lantern":91,"minecraft:grass_block":117,"evilcraft:bucket_blood":2,"minecraft:iron_helmet":1,"easy_villagers:iron_farm":4,"minecraft:item_frame":16,"minecraft:sweet_berries":61,"minecraft:furnace":4,"minecraft:oak_sapling":90,"minecraft:egg":93,"minecraft:potato":54,"minecraft:leather_leggings":1,"minecraft:cow_spawn_egg":8,"minecraft:stone_pickaxe":132,"minecraft:oak_planks":134,"minecraft:cactus":5,"minecraft:wooden_pickaxe":61,"minecraft:leather_chestplate":1,"minecraft:sugar_cane":8,"minecraft:sand":9,"evilcraft:undead_sapling":5,"minecraft:blast_furnace":4,"minecraft:sponge":9,"minecraft:cobbled_deepslate_stairs":343,"minecraft:bread":63,"evilcraft:dark_blood_brick":282,"minecraft:diamond_sword":66,"minecraft:wooden_sword":97,"minecraft:grindstone":2,"minecraft:smithing_table":2,"minecraft:bone_meal":371,"minecraft:oak_trapdoor":1,"minecraft:oak_fence":122,"minecraft:stone_sword":135,"minecraft:flint_and_steel":4,"minecraft:armor_stand":12,"minecraft:stone_shovel":816,"evilcraft:vengeance_pickaxe":36,"minecraft:spruce_planks":373,"minecraft:stone_hoe":72,"evilcraft:purifier":2,"minecraft:netherrack":4,"minecraft:oak_door":3,"minecraft:torch":285,"minecraft:dirt":1662,"minecraft:anvil":3,"minecraft:hopper":17,"minecraft:cobblestone_wall":72,"minecraft:oak_fence_gate":6,"minecraft:oak_stairs":8,"minecraft:chicken_spawn_egg":36,"minecraft:iron_boots":1,"minecraft:beef":3,"easy_villagers:incubator":3,"minecraft:cooked_beef":3,"minecraft:cobbled_deepslate":2916,"minecraft:iron_leggings":1,"minecraft:cobbled_deepslate_wall":15,"minecraft:wheat_seeds":112,"minecraft:water_bucket":58,"minecraft:cobblestone_stairs":76,"minecraft:baked_potato":5,"evilcraft:blood_infuser":1,"minecraft:stonecutter":1,"minecraft:cobblestone_slab":33,"minecraft:crafting_table":13,"minecraft:campfire":2,"minecraft:white_bed":7,"minecraft:painting":8,"minecraft:smoker":8,"minecraft:oak_log":1,"minecraft:wooden_hoe":3,"minecraft:diamond_pickaxe":56,"evilcraft:spirit_furnace":7,"minecraft:diamond_shovel":389,"minecraft:chicken":4,"minecraft:iron_pickaxe":721,"minecraft:pig_spawn_egg":8,"minecraft:spruce_trapdoor":1,"minecraft:spruce_sapling":9,"minecraft:stone_axe":61,"minecraft:cobblestone":297,"minecraft:cobbled_deepslate_slab":4,"minecraft:white_banner":1,"minecraft:cooked_porkchop":12,"minecraft:bucket":42,"minecraft:glass_pane":4,"minecraft:dandelion":6,"minecraft:candle":9},"minecraft:picked_up":{"minecraft:wheat":37,"minecraft:oak_stairs":4,"paraglider:goddess_statue":1,"minecraft:string":23,"minecraft:cobbled_deepslate":460,"minecraft:smooth_stone":9,"minecraft:bucket":1,"minecraft:spruce_planks":6,"minecraft:cobblestone_slab":1,"minecraft:iron_pickaxe":1,"minecraft:furnace":1,"minecraft:stick":21,"minecraft:oak_fence":1,"minecraft:torch":127,"minecraft:porkchop":25,"minecraft:cauldron":4,"minecraft:stone_sword":1,"minecraft:cactus":1,"minecraft:rotten_flesh":29,"minecraft:cod":1,"minecraft:cobblestone":998,"minecraft:leather_chestplate":1,"minecraft:feather":10,"minecraft:andesite":2,"minecraft:potato":111,"minecraft:flint":1,"minecraft:dirt":925,"minecraft:lapis_lazuli":153,"minecraft:lantern":2,"minecraft:leather_boots":1,"minecraft:bone":12,"minecraft:bow":1,"minecraft:wheat_seeds":171,"minecraft:raw_gold":7,"minecraft:oak_planks":10,"minecraft:stone_hoe":1,"minecraft:cooked_porkchop":1,"minecraft:poisonous_potato":1,"minecraft:sand":6,"minecraft:bone_meal":65,"minecraft:oak_sapling":21,"minecraft:crafting_table":1,"minecraft:chicken":9,"minecraft:leather_leggings":1,"minecraft:wooden_pickaxe":1,"minecraft:gold_block":1,"minecraft:beef":29,"minecraft:light_gray_wool":1,"minecraft:sugar_cane":12,"minecraft:phantom_membrane":1,"minecraft:egg":18,"minecraft:raw_iron":33,"minecraft:carrot":102,"minecraft:redstone":8,"minecraft:arrow":13,"minecraft:stone_shovel":1,"minecraft:hay_block":42,"minecraft:mutton":12,"minecraft:white_wool":7,"minecraft:rail":51,"minecraft:air":0,"minecraft:leather":19,"minecraft:oak_log":28,"minecraft:gunpowder":10,"minecraft:cobblestone_wall":23,"minecraft:white_banner":1,"minecraft:kelp":4,"minecraft:book":1,"minecraft:pumpkin":6,"minecraft:sweet_berries":41,"minecraft:dandelion":6,"minecraft:gravel":2,"minecraft:blast_furnace":4,"minecraft:spruce_sapling":6,"minecraft:white_bed":1,"minecraft:spruce_log":7,"minecraft:spider_eye":3,"minecraft:leather_helmet":1,"minecraft:stone_axe":2,"minecraft:baked_potato":1,"minecraft:coal":100,"minecraft:ender_pearl":1},"minecraft:mined":{"minecraft:spruce_planks":6,"minecraft:white_bed":1,"minecraft:oak_sapling":4,"minecraft:grass_block":608,"minecraft:smooth_stone":9,"minecraft:iron_ore":24,"minecraft:cobbled_deepslate":50,"minecraft:fire":1,"minecraft:pumpkin":6,"minecraft:deepslate_lapis_ore":16,"minecraft:water_cauldron":4,"minecraft:oak_stairs":4,"minecraft:deepslate_redstone_ore":1,"minecraft:kelp_plant":2,"minecraft:torch":36,"minecraft:blast_furnace":2,"minecraft:cobblestone":11,"minecraft:sugar_cane":7,"minecraft:oak_planks":1,"minecraft:wall_torch":16,"minecraft:wheat":33,"minecraft:grass":457,"minecraft:oak_log":28,"minecraft:sand":200,"minecraft:dirt":153,"minecraft:netherrack":4,"minecraft:oak_leaves":11,"minecraft:deepslate":53,"minecraft:glow_lichen":1,"minecraft:spruce_leaves":30,"minecraft:hay_block":41,"minecraft:redstone_ore":1,"minecraft:carrots":27,"minecraft:andesite":1,"minecraft:gold_block":3,"minecraft:bookshelf":4,"minecraft:potatoes":34,"minecraft:rail":51,"minecraft:deepslate_iron_ore":11,"minecraft:cobblestone_slab":1,"minecraft:stone":627,"minecraft:dandelion":4,"minecraft:oak_fence":1,"minecraft:lectern":1,"minecraft:tall_grass":83,"minecraft:lapis_ore":7,"minecraft:deepslate_gold_ore":4,"minecraft:cobblestone_wall":1,"minecraft:sweet_berry_bush":9,"minecraft:spruce_log":7,"minecraft:birch_leaves":1,"minecraft:coal_ore":114,"minecraft:gravel":4,"minecraft:cobweb":16,"minecraft:gold_ore":3,"minecraft:fern":1,"paraglider:goddess_statue":1}},"DataVersion":3465}