{"stats":{"minecraft:broken":{"minecraft:wooden_pickaxe":1,"minecraft:stone_pickaxe":1,"minecraft:wooden_sword":1,"minecraft:iron_pickaxe":1,"minecraft:stone_shovel":4},"minecraft:mined":{"minecraft:spruce_planks":6,"minecraft:white_bed":1,"minecraft:oak_sapling":4,"minecraft:glow_lichen":1,"minecraft:grass_block":465,"minecraft:spruce_leaves":30,"minecraft:hay_block":41,"minecraft:smooth_stone":9,"minecraft:redstone_ore":1,"minecraft:iron_ore":22,"minecraft:cobbled_deepslate":44,"minecraft:fire":1,"minecraft:andesite":1,"minecraft:pumpkin":6,"minecraft:deepslate_lapis_ore":16,"minecraft:gold_block":1,"minecraft:potatoes":1,"minecraft:deepslate_iron_ore":11,"minecraft:cobblestone_slab":1,"minecraft:water_cauldron":4,"minecraft:rail":51,"minecraft:oak_stairs":4,"minecraft:stone":484,"minecraft:deepslate_redstone_ore":1,"minecraft:dandelion":4,"minecraft:torch":31,"minecraft:blast_furnace":2,"minecraft:tall_grass":81,"minecraft:cobblestone":11,"minecraft:lapis_ore":7,"minecraft:deepslate_gold_ore":4,"minecraft:sugar_cane":7,"minecraft:oak_planks":1,"minecraft:wall_torch":9,"minecraft:cobblestone_wall":1,"minecraft:wheat":10,"minecraft:sweet_berry_bush":8,"minecraft:spruce_log":7,"minecraft:birch_leaves":1,"minecraft:grass":423,"minecraft:oak_log":28,"minecraft:coal_ore":94,"minecraft:gravel":4,"minecraft:dirt":82,"minecraft:cobweb":16,"minecraft:gold_ore":3,"minecraft:oak_leaves":10,"minecraft:deepslate":53,"paraglider:goddess_statue":1},"minecraft:custom":{"minecraft:interact_with_smithing_table":1,"minecraft:mob_kills":94,"minecraft:animals_bred":7,"minecraft:inspect_hopper":4,"minecraft:interact_with_crafting_table":33,"minecraft:leave_game":6,"minecraft:time_since_death":305566,"minecraft:climb_one_cm":31500,"minecraft:sprint_one_cm":635336,"minecraft:walk_one_cm":1083812,"minecraft:drop":84,"minecraft:talked_to_villager":2,"minecraft:play_time":522451,"minecraft:sneak_time":10851,"minecraft:deaths":1,"minecraft:walk_under_water_one_cm":100579,"minecraft:jump":4875,"minecraft:interact_with_blast_furnace":11,"minecraft:walk_on_water_one_cm":29645,"minecraft:total_world_time":522451,"minecraft:interact_with_furnace":16,"minecraft:sleep_in_bed":9,"minecraft:time_since_rest":135195,"minecraft:damage_taken":2040,"minecraft:damage_dealt":13602,"minecraft:swim_one_cm":49501,"minecraft:fly_one_cm":1626695,"minecraft:open_chest":171,"minecraft:crouch_one_cm":28707,"minecraft:fall_one_cm":101629},"minecraft:killed":{"minecraft:spider":8,"minecraft:skeleton":10,"minecraft:chicken":9,"minecraft:pig":7,"minecraft:creeper":6,"minecraft:sheep":8,"minecraft:pillager":2,"minecraft:zombie":30,"minecraft:cow":12,"minecraft:enderman":1},"minecraft:picked_up":{"minecraft:crafting_table":1,"minecraft:wheat":14,"minecraft:chicken":9,"minecraft:leather_leggings":1,"minecraft:wooden_pickaxe":1,"minecraft:oak_stairs":4,"minecraft:gold_block":1,"paraglider:goddess_statue":1,"minecraft:string":21,"minecraft:cobbled_deepslate":454,"minecraft:smooth_stone":9,"minecraft:bucket":1,"minecraft:spruce_planks":6,"minecraft:beef":21,"minecraft:cobblestone_slab":1,"minecraft:iron_pickaxe":1,"minecraft:light_gray_wool":1,"minecraft:sugar_cane":12,"minecraft:furnace":1,"minecraft:egg":12,"minecraft:stick":20,"minecraft:raw_iron":33,"minecraft:torch":120,"minecraft:porkchop":19,"minecraft:carrot":4,"minecraft:redstone":8,"minecraft:cauldron":4,"minecraft:rotten_flesh":26,"minecraft:stone_sword":1,"minecraft:arrow":13,"minecraft:stone_shovel":1,"minecraft:hay_block":42,"minecraft:mutton":12,"minecraft:rail":51,"minecraft:white_wool":7,"minecraft:cobblestone":873,"minecraft:leather_chestplate":1,"minecraft:feather":10,"minecraft:andesite":2,"minecraft:leather":14,"minecraft:potato":4,"minecraft:flint":1,"minecraft:oak_log":28,"minecraft:cobblestone_wall":23,"minecraft:gunpowder":10,"minecraft:lapis_lazuli":153,"minecraft:dirt":712,"minecraft:white_banner":1,"minecraft:leather_boots":1,"minecraft:bone":12,"minecraft:bow":1,"minecraft:wheat_seeds":106,"minecraft:raw_gold":7,"minecraft:stone_hoe":1,"minecraft:oak_planks":10,"minecraft:book":1,"minecraft:cooked_porkchop":1,"minecraft:pumpkin":6,"minecraft:sweet_berries":36,"minecraft:dandelion":6,"minecraft:gravel":2,"minecraft:spruce_sapling":6,"minecraft:blast_furnace":4,"minecraft:white_bed":1,"minecraft:spruce_log":7,"minecraft:spider_eye":3,"minecraft:leather_helmet":1,"minecraft:stone_axe":2,"minecraft:bone_meal":65,"minecraft:oak_sapling":20,"minecraft:coal":94,"minecraft:ender_pearl":1},"minecraft:dropped":{"minecraft:iron_sword":1,"minecraft:wheat_seeds":22,"minecraft:oak_log":128,"minecraft:cooked_porkchop":64,"minecraft:feather":2,"minecraft:iron_helmet":1,"minecraft:cobblestone":1,"minecraft:stick":9,"minecraft:flint":1,"minecraft:dirt":24,"minecraft:iron_leggings":1,"minecraft:wooden_sword":1,"minecraft:bone_meal":193,"minecraft:iron_axe":1,"minecraft:iron_pickaxe":4,"minecraft:smooth_stone":9,"minecraft:iron_shovel":2,"minecraft:bone":2,"minecraft:gravel":2,"minecraft:furnace":1,"minecraft:cobblestone_wall":1,"minecraft:stone_sword":1,"minecraft:cobbled_deepslate":512,"minecraft:tuff":68,"minecraft:wheat":4,"minecraft:rotten_flesh":5,"minecraft:oak_planks":256,"minecraft:iron_boots":1,"minecraft:stripped_oak_log":64,"minecraft:carrot":20,"minecraft:blast_furnace":3,"minecraft:cobblestone_slab":1,"minecraft:potato":11,"minecraft:iron_chestplate":1,"minecraft:andesite":2,"minecraft:wooden_pickaxe":1,"minecraft:arrow":2,"minecraft:stone_pickaxe":1},"minecraft:crafted":{"minecraft:oak_planks":60,"minecraft:stone_shovel":4,"minecraft:furnace":1,"minecraft:iron_boots":1,"minecraft:stone_pickaxe":2,"minecraft:cobblestone_wall":72,"minecraft:chest":1,"minecraft:wheat":270,"minecraft:cooked_beef":3,"minecraft:cooked_porkchop":16,"minecraft:crafting_table":1,"minecraft:wooden_pickaxe":1,"minecraft:iron_helmet":1,"minecraft:iron_sword":1,"minecraft:copper_ingot":58,"minecraft:bucket":1,"minecraft:stone_axe":1,"minecraft:bread":57,"minecraft:air":0,"minecraft:oak_fence_gate":6,"minecraft:iron_chestplate":1,"minecraft:stick":32,"minecraft:iron_ingot":33,"minecraft:iron_pickaxe":3,"minecraft:oak_stairs":4,"minecraft:stone_sword":1,"minecraft:iron_leggings":1},"minecraft:used":{"minecraft:stone_sword":135,"minecraft:flint_and_steel":4,"easy_villagers:breeder":2,"minecraft:stone_shovel":558,"minecraft:ladder":30,"minecraft:chest":83,"minecraft:spruce_planks":74,"minecraft:stone":17,"minecraft:iron_sword":130,"minecraft:farmland":8,"minecraft:rotten_flesh":7,"minecraft:stone_hoe":72,"minecraft:iron_chestplate":1,"minecraft:oak_door":3,"minecraft:torch":166,"paraglider:goddess_statue":1,"minecraft:dirt":743,"minecraft:anvil":3,"minecraft:hopper":17,"minecraft:cobblestone_wall":72,"minecraft:carrot":12,"minecraft:deepslate_tile_slab":2,"minecraft:oak_fence_gate":6,"minecraft:glass":92,"minecraft:lantern":50,"minecraft:grass_block":49,"minecraft:oak_stairs":8,"minecraft:iron_helmet":1,"easy_villagers:iron_farm":4,"minecraft:iron_boots":1,"minecraft:item_frame":16,"minecraft:beef":3,"minecraft:sweet_berries":30,"minecraft:oak_sapling":72,"minecraft:furnace":2,"easy_villagers:incubator":3,"minecraft:egg":3,"minecraft:potato":19,"minecraft:cooked_beef":3,"minecraft:cobbled_deepslate":1952,"minecraft:iron_leggings":1,"minecraft:cobbled_deepslate_wall":15,"minecraft:wheat_seeds":88,"minecraft:water_bucket":49,"minecraft:leather_leggings":1,"minecraft:cobblestone_stairs":18,"minecraft:oak_planks":59,"minecraft:stone_pickaxe":132,"minecraft:wooden_pickaxe":61,"minecraft:leather_chestplate":1,"minecraft:sugar_cane":8,"minecraft:crafting_table":10,"minecraft:blast_furnace":4,"minecraft:white_bed":7,"minecraft:sponge":9,"minecraft:painting":8,"minecraft:cobbled_deepslate_stairs":20,"minecraft:oak_log":1,"minecraft:wooden_hoe":3,"minecraft:chicken":4,"minecraft:bread":26,"minecraft:iron_pickaxe":635,"minecraft:spruce_sapling":6,"minecraft:stone_axe":56,"minecraft:wooden_sword":97,"minecraft:cobbled_deepslate_slab":4,"minecraft:cobblestone":156,"minecraft:white_banner":1,"minecraft:grindstone":2,"minecraft:cooked_porkchop":12,"minecraft:smithing_table":2,"minecraft:bucket":33,"minecraft:glass_pane":4,"minecraft:dandelion":6,"minecraft:candle":9,"minecraft:bone_meal":241}},"DataVersion":3465}