{"stats":{"minecraft:picked_up":{"minecraft:feather":5,"minecraft:chicken":4,"minecraft:leather":4,"minecraft:wooden_pickaxe":1,"minecraft:oak_log":19,"minecraft:cobblestone_wall":1,"minecraft:gunpowder":4,"paraglider:goddess_statue":1,"minecraft:string":3,"minecraft:dirt":148,"minecraft:bone":6,"minecraft:wheat_seeds":44,"minecraft:beef":9,"minecraft:sugar_cane":4,"minecraft:egg":6,"minecraft:raw_iron":2,"minecraft:stick":15,"minecraft:cooked_porkchop":1,"minecraft:pumpkin":6,"minecraft:torch":6,"minecraft:dandelion":1,"minecraft:porkchop":10,"minecraft:blast_furnace":1,"minecraft:white_bed":1,"minecraft:spider_eye":2,"minecraft:cauldron":4,"minecraft:arrow":6,"minecraft:rotten_flesh":20,"minecraft:hay_block":18,"minecraft:bone_meal":1,"minecraft:mutton":4,"minecraft:white_wool":2,"minecraft:oak_sapling":16,"minecraft:coal":26,"minecraft:cobblestone":75},"minecraft:killed":{"minecraft:pig":4,"minecraft:spider":3,"minecraft:creeper":3,"minecraft:sheep":2,"minecraft:skeleton":4,"minecraft:zombie":15,"minecraft:chicken":4,"minecraft:cow":4},"minecraft:used":{"minecraft:water_bucket":16,"minecraft:stone_sword":69,"minecraft:stone_shovel":102,"minecraft:stone_pickaxe":53,"minecraft:chest":1,"minecraft:wooden_pickaxe":61,"minecraft:sugar_cane":4,"minecraft:rotten_flesh":7,"minecraft:torch":47,"paraglider:goddess_statue":1,"minecraft:dirt":243,"minecraft:crafting_table":1,"minecraft:blast_furnace":1,"minecraft:cobblestone_wall":30,"minecraft:white_bed":1,"minecraft:oak_fence_gate":2,"minecraft:oak_log":1,"minecraft:chicken":4,"minecraft:grass_block":3,"minecraft:bread":11,"minecraft:stone_axe":18,"minecraft:wooden_sword":97,"minecraft:beef":3,"minecraft:oak_sapling":61,"minecraft:furnace":1,"minecraft:cooked_porkchop":2,"minecraft:bucket":2,"minecraft:cooked_beef":3,"minecraft:dandelion":1,"minecraft:bone_meal":215},"minecraft:broken":{"minecraft:wooden_sword":1,"minecraft:wooden_pickaxe":1},"minecraft:dropped":{"minecraft:wheat_seeds":5,"minecraft:feather":2,"minecraft:rotten_flesh":1,"minecraft:stick":9,"minecraft:wooden_sword":1,"minecraft:bone_meal":1,"minecraft:arrow":2,"minecraft:stone_pickaxe":1,"minecraft:wooden_pickaxe":1,"minecraft:bone":2},"minecraft:custom":{"minecraft:interact_with_furnace":9,"minecraft:mob_kills":39,"minecraft:animals_bred":1,"minecraft:interact_with_crafting_table":17,"minecraft:leave_game":1,"minecraft:time_since_death":115323,"minecraft:sleep_in_bed":2,"minecraft:time_since_rest":24530,"minecraft:sprint_one_cm":211712,"minecraft:damage_taken":1029,"minecraft:walk_one_cm":304380,"minecraft:drop":14,"minecraft:damage_dealt":5821,"minecraft:swim_one_cm":45411,"minecraft:talked_to_villager":1,"minecraft:fly_one_cm":637041,"minecraft:open_chest":35,"minecraft:crouch_one_cm":2836,"minecraft:play_time":115323,"minecraft:sneak_time":923,"minecraft:walk_under_water_one_cm":8837,"minecraft:jump":1955,"minecraft:interact_with_blast_furnace":2,"minecraft:walk_on_water_one_cm":10845,"minecraft:total_world_time":115323,"minecraft:fall_one_cm":47969},"minecraft:mined":{"minecraft:white_bed":1,"minecraft:oak_sapling":4,"minecraft:torch":2,"minecraft:blast_furnace":1,"minecraft:grass_block":99,"minecraft:tall_grass":73,"minecraft:sugar_cane":2,"minecraft:wall_torch":1,"minecraft:hay_block":17,"minecraft:cobblestone_wall":1,"minecraft:iron_ore":2,"minecraft:fire":1,"minecraft:pumpkin":6,"minecraft:grass":283,"minecraft:oak_log":19,"minecraft:coal_ore":26,"minecraft:water_cauldron":4,"minecraft:dirt":8,"minecraft:stone":76,"minecraft:oak_leaves":6,"paraglider:goddess_statue":1},"minecraft:crafted":{"minecraft:cooked_beef":3,"minecraft:oak_planks":24,"minecraft:stone_shovel":1,"minecraft:cooked_porkchop":6,"minecraft:crafting_table":1,"minecraft:wooden_pickaxe":1,"minecraft:furnace":1,"minecraft:bucket":1,"minecraft:bread":21,"minecraft:air":0,"minecraft:oak_fence_gate":2,"minecraft:stick":12,"minecraft:stone_pickaxe":2,"minecraft:cobblestone_wall":36,"minecraft:stone_sword":1,"minecraft:chest":1,"minecraft:wheat":162}},"DataVersion":3465}