{"stats":{"minecraft:picked_up":{"minecraft:feather":5,"minecraft:chicken":4,"minecraft:andesite":1,"minecraft:leather":4,"minecraft:wooden_pickaxe":1,"minecraft:oak_stairs":4,"minecraft:oak_log":28,"minecraft:gunpowder":5,"minecraft:cobblestone_wall":1,"minecraft:lapis_lazuli":127,"minecraft:dirt":369,"paraglider:goddess_statue":1,"minecraft:string":3,"minecraft:white_banner":1,"minecraft:bone":8,"minecraft:bow":1,"minecraft:wheat_seeds":60,"minecraft:cobbled_deepslate":13,"minecraft:beef":9,"minecraft:sugar_cane":8,"minecraft:egg":7,"minecraft:stick":20,"minecraft:raw_iron":10,"minecraft:cooked_porkchop":1,"minecraft:pumpkin":6,"minecraft:torch":20,"minecraft:dandelion":6,"minecraft:porkchop":10,"minecraft:blast_furnace":1,"minecraft:white_bed":1,"minecraft:spider_eye":3,"minecraft:cauldron":4,"minecraft:arrow":7,"minecraft:rotten_flesh":21,"minecraft:hay_block":18,"minecraft:bone_meal":1,"minecraft:oak_sapling":20,"minecraft:mutton":4,"minecraft:coal":26,"minecraft:white_wool":2,"minecraft:cobblestone":138},"minecraft:crafted":{"minecraft:cooked_beef":3,"minecraft:oak_planks":60,"minecraft:stone_shovel":4,"minecraft:cooked_porkchop":6,"minecraft:crafting_table":1,"minecraft:wooden_pickaxe":1,"minecraft:furnace":1,"minecraft:bucket":1,"minecraft:stone_axe":1,"minecraft:bread":21,"minecraft:air":0,"minecraft:oak_fence_gate":2,"minecraft:stick":12,"minecraft:stone_pickaxe":2,"minecraft:oak_stairs":4,"minecraft:cobblestone_wall":36,"minecraft:stone_sword":1,"minecraft:chest":1,"minecraft:wheat":162},"minecraft:custom":{"minecraft:interact_with_furnace":10,"minecraft:mob_kills":49,"minecraft:animals_bred":5,"minecraft:interact_with_crafting_table":20,"minecraft:leave_game":3,"minecraft:time_since_death":181177,"minecraft:sleep_in_bed":5,"minecraft:time_since_rest":16706,"minecraft:sprint_one_cm":299936,"minecraft:damage_taken":1109,"minecraft:walk_one_cm":480145,"minecraft:drop":14,"minecraft:damage_dealt":7589,"minecraft:swim_one_cm":45772,"minecraft:talked_to_villager":1,"minecraft:fly_one_cm":796459,"minecraft:open_chest":58,"minecraft:crouch_one_cm":6986,"minecraft:play_time":181177,"minecraft:sneak_time":2060,"minecraft:walk_under_water_one_cm":71276,"minecraft:jump":2537,"minecraft:interact_with_blast_furnace":2,"minecraft:walk_on_water_one_cm":17886,"minecraft:total_world_time":181177,"minecraft:fall_one_cm":57130},"minecraft:dropped":{"minecraft:wheat_seeds":5,"minecraft:feather":2,"minecraft:rotten_flesh":1,"minecraft:stick":9,"minecraft:wooden_sword":1,"minecraft:bone_meal":1,"minecraft:arrow":2,"minecraft:wooden_pickaxe":1,"minecraft:stone_pickaxe":1,"minecraft:bone":2},"minecraft:killed":{"minecraft:pig":4,"minecraft:spider":5,"minecraft:creeper":4,"minecraft:skeleton":6,"minecraft:sheep":2,"minecraft:pillager":2,"minecraft:zombie":18,"minecraft:chicken":4,"minecraft:cow":4},"minecraft:used":{"minecraft:cobbled_deepslate_wall":15,"minecraft:wheat_seeds":64,"minecraft:water_bucket":16,"minecraft:stone_sword":107,"minecraft:cobblestone_stairs":18,"minecraft:stone_pickaxe":118,"minecraft:stone_shovel":349,"minecraft:chest":1,"minecraft:wooden_pickaxe":61,"minecraft:stone":4,"minecraft:sugar_cane":5,"minecraft:stone_hoe":72,"minecraft:rotten_flesh":7,"minecraft:oak_door":1,"minecraft:torch":94,"paraglider:goddess_statue":1,"minecraft:dirt":659,"minecraft:crafting_table":1,"minecraft:blast_furnace":1,"minecraft:cobblestone_wall":30,"minecraft:sponge":9,"minecraft:white_bed":1,"minecraft:oak_fence_gate":2,"minecraft:oak_log":1,"minecraft:oak_stairs":8,"minecraft:chicken":4,"minecraft:grass_block":3,"minecraft:bread":17,"minecraft:iron_pickaxe":40,"minecraft:stone_axe":37,"minecraft:wooden_sword":97,"minecraft:cobblestone":129,"minecraft:beef":3,"minecraft:white_banner":1,"minecraft:oak_sapling":72,"minecraft:furnace":1,"minecraft:cooked_porkchop":2,"minecraft:bucket":2,"minecraft:cobbled_deepslate":286,"minecraft:dandelion":1,"minecraft:cooked_beef":3,"minecraft:bone_meal":241},"minecraft:broken":{"minecraft:wooden_sword":1,"minecraft:stone_shovel":2,"minecraft:wooden_pickaxe":1},"minecraft:mined":{"minecraft:white_bed":1,"minecraft:oak_sapling":4,"minecraft:dandelion":4,"minecraft:torch":13,"minecraft:blast_furnace":1,"minecraft:grass_block":313,"minecraft:tall_grass":75,"minecraft:cobblestone":2,"minecraft:lapis_ore":6,"minecraft:sugar_cane":6,"minecraft:wall_torch":1,"minecraft:hay_block":17,"minecraft:cobblestone_wall":1,"minecraft:iron_ore":2,"minecraft:fire":1,"minecraft:andesite":1,"minecraft:pumpkin":6,"minecraft:deepslate_lapis_ore":14,"minecraft:grass":372,"minecraft:deepslate_iron_ore":8,"minecraft:oak_log":28,"minecraft:coal_ore":26,"minecraft:water_cauldron":4,"minecraft:oak_stairs":4,"minecraft:dirt":15,"minecraft:deepslate":13,"minecraft:stone":137,"minecraft:oak_leaves":10,"paraglider:goddess_statue":1}},"DataVersion":3465}