{"stats":{"minecraft:picked_up":{"minecraft:feather":8,"minecraft:chicken":4,"minecraft:leather":2,"minecraft:wooden_pickaxe":1,"minecraft:oak_log":398,"minecraft:yellow_bed":2,"minecraft:dirt":41,"minecraft:raw_copper":58,"minecraft:wooden_sword":1,"minecraft:bone":4,"minecraft:apple":1,"minecraft:wheat_seeds":12,"minecraft:beef":5,"minecraft:stone_pickaxe":1,"minecraft:egg":9,"minecraft:stick":38,"sophisticatedbackpacks:backpack":3,"minecraft:porkchop":6,"minecraft:white_bed":1,"minecraft:arrow":3,"minecraft:rotten_flesh":10,"minecraft:bone_meal":1,"minecraft:oak_sapling":7,"minecraft:black_wool":1,"minecraft:mutton":12,"minecraft:coal":19,"minecraft:white_wool":7,"minecraft:cobblestone":2},"minecraft:killed":{"minecraft:pig":4,"minecraft:salmon":1,"minecraft:sheep":8,"minecraft:zombie":3,"minecraft:chicken":1,"minecraft:cow":3},"minecraft:used":{"minecraft:stone_pickaxe":36,"minecraft:chest":1,"minecraft:dirt":18,"minecraft:wooden_axe":60,"minecraft:apple":1,"minecraft:wooden_sword":178,"minecraft:cobblestone":2,"minecraft:oak_sapling":7,"minecraft:cooked_porkchop":4,"minecraft:yellow_bed":2,"minecraft:egg":1},"minecraft:killed_by":{"minecraft:skeleton":1,"minecraft:zombie":1},"minecraft:broken":{"minecraft:wooden_sword":2,"minecraft:wooden_axe":1},"minecraft:dropped":{"minecraft:wheat_seeds":1,"minecraft:cooked_porkchop":1,"minecraft:rotten_flesh":6,"sophisticatedbackpacks:backpack":1,"minecraft:bone_meal":1,"minecraft:wooden_pickaxe":1},"minecraft:custom":{"minecraft:interact_with_furnace":4,"minecraft:mob_kills":20,"minecraft:interact_with_crafting_table":5,"minecraft:leave_game":2,"minecraft:time_since_death":67884,"minecraft:sleep_in_bed":2,"minecraft:time_since_rest":7224,"minecraft:sprint_one_cm":158408,"minecraft:damage_taken":775,"minecraft:walk_one_cm":379146,"minecraft:drop":7,"minecraft:damage_dealt":2460,"minecraft:damage_dealt_absorbed":41,"minecraft:swim_one_cm":8537,"minecraft:fly_one_cm":28393,"minecraft:open_chest":14,"minecraft:crouch_one_cm":3039,"minecraft:play_time":92258,"minecraft:deaths":3,"minecraft:sneak_time":1282,"minecraft:walk_under_water_one_cm":14222,"minecraft:jump":646,"minecraft:interact_with_blast_furnace":1,"minecraft:walk_on_water_one_cm":23227,"minecraft:total_world_time":92258,"minecraft:fall_one_cm":9516},"minecraft:mined":{"minecraft:white_bed":1,"minecraft:grass_block":36,"minecraft:tall_grass":10,"minecraft:copper_ore":16,"minecraft:yellow_bed":2,"minecraft:grass":84,"minecraft:oak_log":143,"minecraft:coal_ore":19,"minecraft:dirt":3,"minecraft:stone":1,"minecraft:oak_leaves":27},"minecraft:crafted":{"minecraft:wooden_sword":1,"minecraft:oak_planks":84,"minecraft:stone_axe":1,"minecraft:stick":4,"minecraft:wooden_axe":1,"minecraft:stone_sword":1,"minecraft:chest":1}},"DataVersion":3465}