{"stats":{"minecraft:broken":{"minecraft:stone_pickaxe":1,"minecraft:wooden_sword":2,"minecraft:wooden_axe":1},"minecraft:mined":{"minecraft:white_bed":1,"minecraft:torch":1,"minecraft:grass_block":36,"minecraft:tall_grass":10,"minecraft:copper_ore":22,"minecraft:cobbled_deepslate":1,"minecraft:yellow_bed":2,"minecraft:grass":84,"minecraft:oak_log":143,"minecraft:coal_ore":19,"minecraft:dirt":3,"minecraft:stone":192,"minecraft:oak_leaves":27},"minecraft:custom":{"minecraft:interact_with_smithing_table":1,"minecraft:interact_with_furnace":5,"minecraft:mob_kills":20,"minecraft:interact_with_anvil":1,"minecraft:interact_with_crafting_table":8,"minecraft:leave_game":3,"minecraft:time_since_death":180107,"minecraft:sleep_in_bed":3,"minecraft:climb_one_cm":22004,"minecraft:time_since_rest":99418,"minecraft:sprint_one_cm":193615,"minecraft:damage_taken":865,"minecraft:walk_one_cm":567630,"minecraft:drop":8,"minecraft:damage_dealt":2514,"minecraft:damage_dealt_absorbed":41,"minecraft:swim_one_cm":8537,"minecraft:fly_one_cm":30066,"minecraft:open_chest":59,"minecraft:crouch_one_cm":4225,"minecraft:play_time":204481,"minecraft:deaths":3,"minecraft:sneak_time":1632,"minecraft:walk_under_water_one_cm":23650,"minecraft:jump":824,"minecraft:interact_with_blast_furnace":2,"minecraft:walk_on_water_one_cm":23962,"minecraft:total_world_time":204481,"minecraft:fall_one_cm":11167},"minecraft:killed_by":{"minecraft:skeleton":1,"minecraft:zombie":1},"minecraft:killed":{"minecraft:pig":4,"minecraft:salmon":1,"minecraft:sheep":8,"minecraft:zombie":3,"minecraft:chicken":1,"minecraft:cow":3},"minecraft:picked_up":{"minecraft:feather":8,"minecraft:chicken":4,"minecraft:leather":2,"minecraft:wooden_pickaxe":1,"minecraft:oak_log":398,"minecraft:yellow_bed":2,"minecraft:dirt":41,"minecraft:raw_copper":78,"minecraft:wooden_sword":1,"minecraft:bone":4,"minecraft:apple":1,"minecraft:wheat_seeds":12,"minecraft:cobbled_deepslate":1,"minecraft:beef":5,"minecraft:stone_pickaxe":1,"minecraft:iron_pickaxe":1,"minecraft:egg":9,"minecraft:stick":38,"minecraft:torch":2,"sophisticatedbackpacks:backpack":3,"minecraft:porkchop":6,"minecraft:white_bed":1,"minecraft:arrow":3,"minecraft:rotten_flesh":10,"minecraft:bone_meal":1,"minecraft:oak_sapling":7,"minecraft:black_wool":1,"minecraft:mutton":12,"minecraft:coal":19,"minecraft:white_wool":7,"minecraft:cobblestone":150,"minecraft:ender_pearl":1},"minecraft:dropped":{"minecraft:wheat_seeds":1,"minecraft:ender_pearl":1,"minecraft:cooked_porkchop":1,"minecraft:rotten_flesh":6,"sophisticatedbackpacks:backpack":1,"minecraft:bone_meal":1,"minecraft:wooden_pickaxe":1},"minecraft:crafted":{"minecraft:cooked_beef":10,"minecraft:wooden_sword":1,"minecraft:oak_planks":84,"minecraft:iron_helmet":1,"minecraft:iron_sword":1,"minecraft:stone_axe":1,"minecraft:iron_boots":1,"minecraft:iron_chestplate":1,"minecraft:stick":4,"minecraft:iron_pickaxe":1,"minecraft:wooden_axe":1,"minecraft:stone_sword":1,"minecraft:chest":1,"minecraft:iron_leggings":1},"minecraft:used":{"minecraft:stone_sword":4,"minecraft:stone_pickaxe":132,"minecraft:chest":1,"minecraft:torch":2,"minecraft:dirt":18,"minecraft:wooden_axe":60,"minecraft:apple":1,"minecraft:iron_pickaxe":103,"minecraft:wooden_sword":178,"minecraft:cobblestone":2,"minecraft:oak_sapling":7,"minecraft:cooked_porkchop":4,"minecraft:yellow_bed":2,"minecraft:egg":1,"minecraft:cooked_beef":2,"minecraft:cobbled_deepslate":1}},"DataVersion":3465}