{"stats":{"minecraft:picked_up":{"minecraft:wheat":71,"minecraft:crafting_table":1,"minecraft:iron_chestplate":1,"minecraft:andesite":1,"minecraft:potato":11,"minecraft:flint":2,"minecraft:oak_log":5,"evilcraft:flesh_humanoid":1,"minecraft:dirt":110,"minecraft:string":4,"minecraft:iron_axe":1,"minecraft:iron_leggings":1,"minecraft:iron_shovel":2,"minecraft:bone":3,"minecraft:wheat_seeds":381,"minecraft:cobbled_deepslate":214,"minecraft:raw_gold":23,"minecraft:iron_pickaxe":5,"minecraft:egg":2,"minecraft:sugar_cane":2,"minecraft:oak_planks":211,"minecraft:iron_sword":1,"minecraft:furnace":2,"minecraft:iron_boots":1,"minecraft:raw_iron":6,"minecraft:cooked_porkchop":64,"minecraft:oak_fence":2,"minecraft:torch":4,"minecraft:gravel":14,"minecraft:blast_furnace":2,"minecraft:carrot":21,"minecraft:redstone":15,"minecraft:spider_eye":3,"minecraft:cauldron":1,"minecraft:arrow":1,"minecraft:stone_sword":3,"minecraft:rotten_flesh":10,"minecraft:iron_helmet":1,"minecraft:granite":1,"minecraft:bone_meal":192,"minecraft:bread":18,"minecraft:coal":14,"minecraft:cobblestone":7},"minecraft:crafted":{"minecraft:bread":30,"minecraft:iron_ingot":2,"minecraft:stone_sword":2},"minecraft:killed_by":{"minecraft:cave_spider":1,"minecraft:zombie":2},"minecraft:custom":{"minecraft:interact_with_furnace":3,"minecraft:interact_with_anvil":3,"minecraft:mob_kills":11,"minecraft:animals_bred":2,"minecraft:interact_with_crafting_table":7,"minecraft:leave_game":2,"minecraft:time_since_death":65961,"minecraft:sleep_in_bed":6,"minecraft:climb_one_cm":10732,"minecraft:time_since_rest":2201,"minecraft:sprint_one_cm":226652,"minecraft:damage_taken":2312,"minecraft:walk_one_cm":428387,"minecraft:drop":14,"minecraft:damage_dealt":1931,"minecraft:swim_one_cm":3940,"minecraft:fly_one_cm":44956,"minecraft:open_chest":62,"minecraft:crouch_one_cm":2,"minecraft:play_time":127499,"minecraft:deaths":3,"minecraft:sneak_time":703,"minecraft:walk_under_water_one_cm":1824,"minecraft:jump":732,"minecraft:interact_with_blast_furnace":5,"minecraft:walk_on_water_one_cm":2485,"minecraft:total_world_time":127499,"minecraft:fall_one_cm":16544},"minecraft:dropped":{"minecraft:furnace":1,"minecraft:stone_sword":1,"minecraft:cobbled_deepslate":203,"minecraft:crafting_table":1,"minecraft:book":1,"minecraft:blast_furnace":1,"minecraft:flint":1,"minecraft:bone_meal":192,"minecraft:cauldron":1},"minecraft:killed":{"minecraft:cave_spider":2,"minecraft:spider":1,"minecraft:skeleton":1,"minecraft:zombie":5},"minecraft:used":{"minecraft:wheat_seeds":198,"minecraft:stone_sword":144,"minecraft:iron_shovel":92,"minecraft:oak_planks":220,"minecraft:iron_sword":3,"minecraft:sugar_cane":2,"minecraft:torch":3,"minecraft:carrot":22,"minecraft:granite":1,"minecraft:iron_axe":7,"minecraft:bread":30,"minecraft:iron_pickaxe":251,"minecraft:gravel":14,"evilcraft:flesh_humanoid":1,"minecraft:cobblestone":1,"minecraft:cooked_porkchop":2,"minecraft:andesite":1,"minecraft:potato":12,"minecraft:cobbled_deepslate":5},"minecraft:broken":{"minecraft:stone_sword":1,"minecraft:iron_pickaxe":2},"minecraft:mined":{"minecraft:deepslate_redstone_ore":1,"minecraft:crafting_table":1,"minecraft:torch":2,"minecraft:granite":1,"minecraft:blast_furnace":1,"minecraft:grass_block":83,"minecraft:deepslate_gold_ore":8,"minecraft:sugar_cane":1,"minecraft:oak_planks":7,"minecraft:wall_torch":1,"minecraft:furnace":1,"minecraft:wheat":253,"minecraft:grass":1,"minecraft:oak_log":5,"minecraft:deepslate_iron_ore":2,"minecraft:gravel":12,"minecraft:oak_leaves":1,"minecraft:deepslate":211}},"DataVersion":3465}