{"stats":{"minecraft:picked_up":{"minecraft:stripped_oak_log":64,"minecraft:crafting_table":1,"minecraft:iron_chestplate":2,"minecraft:wheat":77,"minecraft:feather":2,"minecraft:chicken":1,"minecraft:andesite":1,"minecraft:potato":50,"paraglider:spirit_orb":2,"minecraft:flint":6,"minecraft:tuff":68,"minecraft:oak_log":133,"evilcraft:flesh_humanoid":1,"minecraft:brewing_stand":2,"minecraft:cobblestone_stairs":1,"minecraft:dirt":110,"minecraft:string":7,"minecraft:iron_axe":1,"minecraft:iron_leggings":2,"minecraft:iron_shovel":2,"minecraft:bone":13,"minecraft:wheat_seeds":392,"minecraft:cobbled_deepslate":1588,"minecraft:raw_gold":35,"minecraft:bell":3,"minecraft:stripped_oak_wood":1,"minecraft:iron_pickaxe":5,"minecraft:egg":2,"minecraft:furnace":2,"minecraft:sugar_cane":5,"minecraft:chest":2,"minecraft:iron_sword":1,"minecraft:oak_planks":277,"minecraft:iron_boots":2,"minecraft:stick":9,"minecraft:raw_iron":21,"minecraft:cooked_porkchop":108,"minecraft:oak_fence":32,"minecraft:torch":97,"minecraft:dandelion":1,"minecraft:gravel":46,"minecraft:spruce_sapling":6,"minecraft:spruce_log":10,"minecraft:blast_furnace":3,"minecraft:carrot":21,"minecraft:redstone":70,"minecraft:spider_eye":3,"minecraft:cauldron":1,"minecraft:mossy_cobblestone":1,"minecraft:stone_sword":3,"minecraft:arrow":5,"minecraft:rotten_flesh":13,"minecraft:diamond":2,"minecraft:iron_helmet":2,"minecraft:granite":1,"minecraft:bone_meal":192,"minecraft:bread":18,"minecraft:black_wool":2,"minecraft:mutton":2,"minecraft:coal":14,"minecraft:cobblestone":23},"minecraft:crafted":{"minecraft:oak_planks":768,"minecraft:iron_sword":2,"minecraft:bread":30,"minecraft:stick":28,"minecraft:iron_ingot":2,"minecraft:iron_pickaxe":4,"minecraft:stone_sword":2,"minecraft:torch":56},"minecraft:killed_by":{"minecraft:cave_spider":1,"minecraft:zombie":2},"minecraft:custom":{"minecraft:interact_with_furnace":3,"minecraft:interact_with_anvil":3,"minecraft:mob_kills":34,"minecraft:animals_bred":2,"minecraft:interact_with_crafting_table":13,"minecraft:bell_ring":90,"minecraft:leave_game":4,"minecraft:time_since_death":31009,"minecraft:sleep_in_bed":7,"minecraft:climb_one_cm":33897,"minecraft:time_since_rest":31083,"minecraft:sprint_one_cm":474004,"minecraft:damage_absorbed":40,"minecraft:damage_taken":4482,"minecraft:walk_one_cm":776638,"minecraft:drop":24,"minecraft:damage_dealt":6207,"minecraft:talked_to_villager":3,"minecraft:swim_one_cm":10020,"minecraft:fly_one_cm":81679,"minecraft:open_chest":88,"minecraft:crouch_one_cm":360,"minecraft:play_time":293291,"minecraft:deaths":4,"minecraft:sneak_time":949,"minecraft:walk_under_water_one_cm":6290,"minecraft:jump":1766,"minecraft:interact_with_blast_furnace":5,"minecraft:walk_on_water_one_cm":6543,"minecraft:total_world_time":293291,"minecraft:fall_one_cm":44327},"minecraft:dropped":{"minecraft:gravel":32,"minecraft:furnace":1,"minecraft:wheat_seeds":1,"minecraft:stone_sword":1,"minecraft:cobbled_deepslate":203,"minecraft:mossy_cobblestone":1,"minecraft:crafting_table":1,"minecraft:wheat":4,"minecraft:oak_fence":1,"minecraft:book":1,"minecraft:blast_furnace":1,"minecraft:flint":5,"minecraft:bone_meal":192,"minecraft:arrow":4,"minecraft:spruce_sapling":6,"minecraft:black_wool":2,"minecraft:cauldron":1},"minecraft:killed":{"minecraft:cave_spider":2,"minecraft:zombie_villager":1,"minecraft:spider":4,"minecraft:sheep":1,"minecraft:skeleton":12,"minecraft:zombie":11,"minecraft:chicken":1},"minecraft:used":{"minecraft:oak_fence":16,"minecraft:wheat_seeds":198,"minecraft:water_bucket":2,"minecraft:stone_sword":144,"minecraft:iron_shovel":143,"minecraft:oak_planks":376,"minecraft:chest":2,"minecraft:iron_sword":213,"minecraft:bell":1,"minecraft:sugar_cane":5,"minecraft:torch":36,"minecraft:golden_apple":1,"minecraft:brewing_stand":1,"minecraft:mutton":2,"minecraft:carrot":22,"minecraft:granite":1,"minecraft:iron_axe":54,"minecraft:bread":32,"minecraft:iron_pickaxe":1200,"minecraft:gravel":14,"evilcraft:flesh_humanoid":1,"minecraft:cobblestone":10,"minecraft:cooked_porkchop":23,"minecraft:bucket":3,"minecraft:andesite":1,"minecraft:egg":2,"minecraft:potato":58,"minecraft:cobbled_deepslate":251},"minecraft:broken":{"minecraft:stone_sword":1,"minecraft:iron_pickaxe":5},"minecraft:mined":{"minecraft:deepslate_redstone_ore":13,"minecraft:tuff":68,"minecraft:mossy_cobblestone":1,"minecraft:deepslate_diamond_ore":2,"minecraft:cobblestone_stairs":1,"minecraft:dandelion":1,"minecraft:brewing_stand":2,"minecraft:oak_fence":30,"minecraft:crafting_table":1,"minecraft:torch":9,"minecraft:granite":1,"minecraft:blast_furnace":1,"minecraft:grass_block":83,"minecraft:chest":2,"minecraft:cobblestone":10,"minecraft:spruce_leaves":32,"minecraft:deepslate_gold_ore":20,"minecraft:oak_planks":9,"minecraft:sugar_cane":2,"minecraft:wall_torch":21,"minecraft:spawner":1,"minecraft:furnace":1,"minecraft:wheat":261,"minecraft:cobbled_deepslate":6,"minecraft:spruce_log":10,"minecraft:birch_leaves":7,"minecraft:stripped_oak_wood":2,"minecraft:grass":3,"minecraft:potatoes":22,"minecraft:oak_log":5,"minecraft:deepslate_iron_ore":17,"minecraft:gravel":50,"minecraft:stone":6,"minecraft:oak_leaves":11,"minecraft:deepslate":1013}},"DataVersion":3465}